{
  "XXZ_delta_1.0_Heisenberg": {
    "Ns": [
      8,
      10,
      12,
      14,
      16
    ],
    "lambda1": [
      0.3027304342966082,
      0.2528554922535654,
      0.21699140787198767,
      0.19007672555593813,
      0.16917419406821643
    ],
    "mi_row0_maxN": [
      0.0,
      0.9658171637599107,
      0.14204848767287648,
      0.11139914499486303,
      0.0368566624722142,
      0.039403655391098136,
      0.015932607541231825,
      0.019326903577093102,
      0.00839789273034719,
      0.011184884351731927,
      0.004832283860704667,
      0.007103207900427622,
      0.002776018896724075,
      0.004686549353971836,
      0.001310452574979637,
      0.002934325658243253
    ]
  },
  "XXZ_delta_0.5": {
    "Ns": [
      8,
      10,
      12,
      14,
      16
    ],
    "lambda1": [
      0.3882133538955729,
      0.343330091179058,
      0.310459319186252,
      0.2853537911443122,
      0.2655155320891017
    ],
    "mi_row0_maxN": [
      0.0,
      0.941161664314363,
      0.16003781570219022,
      0.12532699321727536,
      0.05017862970342635,
      0.05046060600309121,
      0.025004989668754307,
      0.027440647367468873,
      0.014732879936325105,
      0.01721586231174732,
      0.009288116896933873,
      0.01162798764767703,
      0.0057738185561573285,
      0.00802088134208545,
      0.002939015359737507,
      0.005183163369619104
    ]
  },
  "XXZ_delta_0.0_freefermion": {
    "Ns": [
      8,
      10,
      12,
      14,
      16
    ],
    "lambda1": [
      0.7184679053279337,
      0.6866710422016413,
      0.6622761673084813,
      0.6431376657306083,
      0.6277576696912714
    ],
    "mi_row0_maxN": [
      0.0,
      0.8597664602859477,
      0.22101954209791996,
      0.1706696835218411,
      0.09323273300791679,
      0.08412972939904062,
      0.05470235859573158,
      0.05246305388508077,
      0.03642214750396677,
      0.03647356948145242,
      0.0255414051924312,
      0.02674112118577976,
      0.017677897185530256,
      0.019809513678133994,
      0.010304294108123502,
      0.014114853513309544
    ]
  },
  "TFIM_critical": {
    "Ns": [
      8,
      10,
      12,
      14,
      16
    ],
    "lambda1": [
      1.4999325658566234,
      1.5198519516550602,
      1.5487347249725514,
      1.5682623606155848,
      1.5893531390273503
    ],
    "mi_row0_maxN": [
      0.0,
      0.3290102228548193,
      0.1508746717210957,
      0.09568230477753403,
      0.06820336539916905,
      0.05182046900963455,
      0.04094442575549351,
      0.03316707747357117,
      0.02728192160333931,
      0.022616289691423708,
      0.018761973345725824,
      0.015451567758935303,
      0.012495204644504154,
      0.009744839102391323,
      0.007079498265361028,
      0.004679532870980885
    ]
  }
}