{
  "delta_0.0": {
    "delta": 0.0,
    "Ns": [
      8,
      10,
      12,
      14,
      16
    ],
    "lambda1": [
      0.30273043429660873,
      0.25285549225355997,
      0.2169914078719813,
      0.19007672555591343,
      0.1691741940681884
    ],
    "mi_row0_maxN": [
      0.0,
      0.9658171637599101,
      0.14204848767287537,
      0.1113991449948617,
      0.036856662472212864,
      0.039403655391096803,
      0.01593260754123005,
      0.01932690357709177,
      0.008397892730345635,
      0.011184884351730373,
      0.004832283860703113,
      0.007103207900425623,
      0.0027760188967222987,
      0.00468654935397006,
      0.0013104525749780827,
      0.0029343256582414767
    ]
  },
  "delta_0.1": {
    "delta": 0.1,
    "Ns": [
      8,
      10,
      12,
      14,
      16
    ],
    "lambda1": [
      0.13832538124735344,
      0.1022668224890336,
      0.07822639772111951,
      0.0614763220490209,
      0.04939472499015536
    ],
    "mi_row0_maxN": [
      0.0,
      1.125300208178055,
      0.08785904965842084,
      0.0832806587334809,
      0.014293455727508952,
      0.017349775552861102,
      0.003541674444123677,
      0.004626707926698614,
      0.0010239995331902119,
      0.0013809289119419699,
      0.00031701154065166826,
      0.0004382753450999921,
      9.841517664788135e-05,
      0.00014322831918889278,
      2.5927020314009397e-05,
      4.588051657861136e-05
    ]
  },
  "delta_0.3": {
    "delta": 0.3,
    "Ns": [
      8,
      10,
      12,
      14,
      16
    ],
    "lambda1": [
      0.03747151741998878,
      0.02527556734327092,
      0.018075296216687943,
      0.013516776464704668,
      0.01046669529504825
    ],
    "mi_row0_maxN": [
      0.0,
      1.2750979807988982,
      0.033889562781904914,
      0.034994948872252074,
      0.0020017889019365853,
      0.002426018202315916,
      0.00016258072312669292,
      0.00020262375178581316,
      1.4826901660214276e-05,
      1.8535658698803914e-05,
      1.4354152475526405e-06,
      1.7916976855492095e-06,
      1.431921428096672e-07,
      1.7934469864755442e-07,
      1.3414792388033447e-08,
      1.811226035819402e-08
    ]
  },
  "delta_0.6": {
    "delta": 0.6,
    "Ns": [
      8,
      10,
      12,
      14,
      16
    ],
    "lambda1": [
      0.005863992431298165,
      0.003842860257016266,
      0.0027028997661544653,
      0.0020009744740661834,
      0.0015395089354544775
    ],
    "mi_row0_maxN": [
      0.0,
      1.3602989393722824,
      0.006495736806494623,
      0.006707961293584974,
      6.790231285913606e-05,
      7.53815773921751e-05,
      9.124259048309824e-07,
      1.0154830805131354e-06,
      1.3545031762873805e-08,
      1.504042868027966e-08,
      2.1263879546040698e-10,
      2.356705941508608e-10,
      3.4625635692009382e-12,
      3.83248988100604e-12,
      5.88418203051333e-14,
      6.52811138479592e-14
    ]
  }
}