{
  "12": {
    "low_evals": [
      0.21698959752991062,
      0.4881140532885551,
      0.7437843204471527,
      0.9678595019299272,
      1.1630053478071356,
      2.0548120184016727,
      2.136237330181299
    ],
    "time_s": 0.9759230613708496
  },
  "16": {
    "low_evals": [
      0.16917211246828942,
      0.3877573258806905,
      0.6029009801086421,
      0.7983597620876399,
      0.9744884123215353,
      1.1328395331755163,
      1.2755332084621223
    ],
    "time_s": 14.782767295837402
  },
  "20": {
    "low_evals": [
      0.13886015547508657,
      0.32187720863135133,
      0.5069194112580935,
      0.6786113509078381,
      0.8366011661532521,
      0.9815770346832319,
      1.1145985633879207
    ],
    "time_s": 88.38258171081543
  },
  "24": {
    "low_evals": [
      0.11795661636933469,
      0.27545470514395776,
      0.4377189754060316,
      0.5903842277062653,
      0.7327590265748676,
      0.8652072959121244,
      0.9884098217050112
    ]
  },
  "28": {
    "low_evals": [
      0.1026708884931918,
      0.24100805186280252,
      0.38554916231540476,
      0.5229105772202902,
      0.6521950032807368,
      0.7735938963407101,
      0.8876205527846387
    ]
  },
  "32": {
    "low_evals": [
      0.0910002166287363,
      0.21443200145100802,
      0.3448244126388187,
      0.46969466168232915,
      0.5880156513677804,
      0.6998638208452216,
      0.8056543324110342
    ]
  }
}